{
  "intents": [
    {
      "intent": "AnswerIntent",
      "slots": [
        {
          "name": "answer",
          "type": "AMAZON.LITERAL",
          "samples": ["My answer is {answer}"]
        }
      ]
    },
    {
      "intent": "QuestionIntent",
      "slots": [
        {
          "name": "alexaWake",
          "type": "AMAZON.LITERAL",
          "samples": ["to please help me get a job",
         "to help me prepare for an interview","are you woke"]
        }
      ]
    },
{
"intent":"LaunchRequest",
"slots": [
        {
          "name": "alexaWake",
          "type": "AMAZON.LITERAL",
          "samples": ["to please help me get a job",
         "to help me prepare for an interview","are you woke"]
        }
      ]
},
    {
        "intent": "AMAZON.HelpIntent"
    },
    {
        "intent": "AMAZON.StopIntent"
    },
    {
        "intent": "AMAZON.CancelIntent"
    }
  ]
}
